
﻿Target Holding;https://www.millionacres.com/real-estate-basics/investing-basics/what-target-holding-period/
TARGETNSULTING;http://www.targetconsulting.com/
Tarzana Aikikai;https://dojos.info/Tarzana-Aikikai/
Taste Lab;http://usd-apps.usd.edu/coglab/TasteLab.html
Tasty;https://tasty.co/
tastytesy;https://www.tastytesy.com/
Tata Capital;https://www.instagram.com/tatacapital/
Tata Capital Advisors;https://www.tatacapital.com/private-equity/advisors.html
Tatolad;https://velocity.business/uk/07707084-tatolad-ventures-limited/
Tatra Leasing;https://www.tatraleasing.sk/
Tatrabikes;https://tatrabikes.pl/
Tattonmmercial Finance;https://www.tattoncf.co.uk/
tax & finance solutions;https://en.wikipedia.org/wiki/Tax
Tax Help MD;https://www.taxhelpmd.com/
Tax Refund Express;https://www.bbb.org/us/tx/fort-worth/profile/tax-return-preparation/tax-refund-express-0825-1000189773
Taxnsultancy;https://www.accounting.com/careers/tax-consultant/
Taylor Family Chiropractic Office;https://taylorfamilychiropractic.net/
Taylor Stone;https://podcasts.apple.com/us/podcast/vibe-higher/id1433999392
Taylor, Martin;https://www.taylorandmartin.com/
Taylor’s Lounge Sports Bar and Restaurant;https://www.facebook.com/TaylorsLounge
TAZ Engineering and Mining Machines;https://memsa.org.za/taz-engineering-mining-machines/
TB INVESTMENTOSA;https://www.bizapedia.com/us/tb-investments-llc.html
tba;https://www.tba.org/
TBA;https://www.playground.ru/misc/news/chto_takoe_tba-40728
TBFC Bizcon;https://business.facebook.com/tbfcbizcon/?__xts__%5B0%5D=68.arbg7tjctrl-cl...
TBT;https://thetournament.com/
TC Advisors;https://www.tcadvisors.net/
TC Artisanmplete;https://de.linkedin.com/company/artisan-complete
Tchiboffee Service (Austria);https://www.tchibo-coffeeservice.at/
TD Bank Group;https://www.td.com/about-tdbfg/our-business/index.jsp?mobile=No
TEAM ELEVATE BEST;https://www.youtube.com/watch?v=m3K8fJyzlVo
Team Health International;https://www.teamhealth.com/
Team N&L Wealth Builders;https://www.teamnationalusa.com/
TEAM NATIONAL;https://www.teamnationalusa.com/
Team Rehabilitation;https://team-rehab.com/
Team-Pro-Fit Furthner;https://www.teamprofit.com/profit-accumulator-oddsmatcher
Teamles Victoria;https://www.venturastamales.com/
teamtomarket.;https://www.team-to-market.fr/
TEB (BNP Paribas Groupmpany);https://wealthmanagement.bnpparibas.com/tr/en.html
TEBA;https://teba.org/
Tecapro Telecom;https://www.facebook.com/Tecacom
Tecbec;https://tecbec.com/
Tech1;https://www.tech-1.net/
Techity Technology;https://www.techity.org/home
Techlabs,.;https://techlabs.org/
TECHNICAL SERVICES PAUL VAN DELFT;https://nl.linkedin.com/in/paul-van-delft-2ba65129
TECHNIPLUS, KONECRANES group (Morocco, Finland);https://techniplus.net/
techno ico;https://iconarchive.com/tag/tech
Technologiniai Valdymo Sprendimai;https://rekvizitai.vz.lt/imone/technologiniai_valdymo_sprendimai/
Technology...Managed Today.;https://online.stmary.edu/mba/resources/use-of-technology-in-management
Technonia;http://www.technonia.com/
Technophar Equipment and Service, Romania;https://technophar.com/
Technophar Equipment and Services;https://technophar.com/
Technopro;https://www.technopro.com/en/
TechnoPro Engineering,;https://www.technopro.com/eng/
TechTrends;https://techtrends.com/
TechX Software Joint Stockmpany;https://masothue.com/0108372518-cong-ty-cp-phan-mem-techx
Tecnisa;https://www.tecnisa.com.br/
Teddy Snack;https://www.myfoodandfamily.com/recipe/113708/teddy-snack
Teetharejade;https://teetharejade.com/
teilraum;https://dict.leo.org/german-english/Teilraum
TEKGROUP;https://tekgroup.com/
Teknologix Integrated Services;https://www.tis-ng.com/
Tektra Sdn.;http://www.tektra.com.my/
Telacad;https://www.telacad.ro/
TELCOTEC;https://www.linkedin.com/company/telcotec
teleBIZZ;https://www.linkedin.com/company/telebizz
TELECOMMUNICATIONS MANAGEMENT;https://learn.org/articles/Telecommunications_Management_Bachelors_Degree.html
Telecomsnsortium;http://www.telecomsconsortium.com/
Teledyne Paradise Datacom;http://www.teledynedefenseelectronics.com/paradisedatacom
Telefonica;https://www.telefonica.com/en/
Telefónica;https://www.telefonica.com/en/
Telefónica;https://www.telefonica.com/en/
Teleglobe;https://www.bloomberg.com/profile/company/96252Z:US
Telehouse Europe;https://www.telehouse.net/
TELENGIN group;http://idealight.lt/about/
Telensa.;https://www.telensa.com/
Telephone Systems Direct;https://www.telephonesystemsdirect.com/
TeleRail Networks;http://telerailnetworks.com/
Telitmmunication;https://en.wikipedia.org/wiki/Telecommunications
Tell Me a Story Productions;https://www.tellmeastoryproductions.com/
Telnetnsulting;https://www.telnet-inc.com/
Temescal Pilates and Bodywork;https://www.temescalpilatesandbodywork.com/
Temple Builders Boot Camp & Fitness Training;https://business.facebook.com/TempleBuildersPT/?__xts__%5B0%5D=68.arc...
Tempurannect;https://www.merriam-webster.com/dictionary/temperament
TENFORE platna institucija;https://www.tenfore.rs/
Teng &;https://tengtoolsusa.com/
Teqnologicalia;https://www.merriam-webster.com/dictionary/technological
Terra IT;https://www.terrait.lt/
Terra Solutions;https://terra-solutions.com/
Terranova New Food;https://ingrossoalimentarinewfood.it/
TESCO LOTUS MONEY SERVICES;https://lotussmoney.com/
TestWorks;https://www.testworksgroup.com/
Tethys Water AG;https://www.tethyswater.ch/
Tetra Pak Greater China Cluster;https://www.tetrapak.com/content/dam/tetrapak/publicweb/gb/en/sustainability/documents/Tetra-Pak-GRI-Index.pdf
Tetrafac;https://www.disber.es/Images/ficha-tecnica-10.pdf
Tetris Projects;https://www.tetris-db.com/en/about-us/where-to-find-us/united-kingdom/
Teusoft;https://teusoft.dk/
Texchem-Pack Johor;https://texchem-pack.com/about-us/
TEXpert AI;https://www.textpert.ai/
Textilkontor Walter Seidensticker & KG;https://www.seidensticker.com/
TextMeAnywhere;https://www.textmeanywhere.com/
TF-Electronics;https://www.allacronyms.com/TF/electronics
TFK - The Fashion Kingdom;https://tfk.me/
TFL Financial Group,;https://www.tflfinancial.com/
TG Media Vision;https://find-and-update.company-information.service.gov.uk/company/06317124
TGI Friday's Aker Brygge;https://www.tripadvisor.com/Restaurant_Review-g190479-d788757-Reviews-TGI_Friday_s_Aker_Brygge-Oslo_Eastern_Norway.html
TGI Friday's Croydon;https://www.tgifridays.co.uk/locations/croydon/
TGOOD Germany;http://tgood.com/eu/en/
TGT;https://finance.yahoo.com/quote/TGT
TH F&B Investments;https://pubchem.ncbi.nlm.nih.gov/compound/tetrahydrofuran
TH Tong Heng Machinery;https://craft.co/th-tong-heng-machinery
Th3 Standard;https://th3standard.com/
THAI BLOCKCHAIN MANAGMENT;https://www.trustacademy.co/our-class/
Thai Express;https://www.thaiexpressfood.com/
Thai Payment Network;https://www.linkedin.com/company/thai-payment-network-co-ltd
THALASSA;https://en.wikipedia.org/wiki/Thalassa
Thanachart Bank;https://www.ttbbank.com/en
Thanachart Bankmpany;https://www.twoinstitute.com/ent/thanachart-bank-public-company/
Thane Direct;https://www.thane.com/
That Man May See;https://thatmanmaysee.org/
Thaumazo Solutions;https://www.zoominfo.com/c/thaumazo-solutions/354923557
THC Vibez;http://gr8vibz.com/
The  Norinchukin Bank;https://www.nochubank.or.jp/en/
The Accounter Technologies;https://theaccounter.com/
The Allegiant;http://www.allegiantair.com/
The Answering Service;https://www.answeringservice.com/
The Arden Hotel & Leisure club;https://www.theardenhotelstratford.com/
The Bank of Tokyo-Mitsubishi UFJ;https://www.bk.mufg.jp/global/
The Bar G;http://www.bar-g.com/
The Bar Method;https://barmethod.com/
The Bar Method - Downtown SF;https://barmethod.com/locations/san-francisco-downtown/
The Bar Method DTLA;https://www.yelp.com/biz/the-bar-method-los-angeles-11
The Bar Method Encino;https://foursquare.com/v/the-bar-method-encino/4ddfd404b0fbefa198ced92e
The Bar Method Studio City;https://barmethod.com/locations/los-angeles-studio-city/
The Bar Methodsta Mesa;https://www.yelp.com/search?find_desc=The+Bar+Method&find_loc=Costa+Mesa%2C+CA
The Barrede - Grand Rapids;https://www.mlive.com/news/grand-rapids/2015/02/grand_rapids_top_headlines_unv.html
The Beauty Palace;https://www.thebeautypalace.org/
The Berkeley Bar and Grill, Stonegate pubmpany;https://www.stonegategroup.co.uk/
THE BLENDED SPA, TIBURON, CALIFORNIA;https://www.manta.com/c/mvrj1lz/the-blended-spa
The Boiler Room;https://www.imdb.com/title/tt0181984/
The Bomb Fitness;https://apps.apple.com/us/app/bomb-fitness/id1582776905
The Bonner Institute;https://www.thebonnerinstitute.com/
The Broadgate Financial Group;https://broadgate-group.com/
The Brost Clinic;https://thebrostclinic.com/
The Browe Bar;https://thebrowebar.com/
The Bull at Broughton;https://www.bullbroughtonastley.com/
The Bullet IDrporation;https://uk.news.yahoo.com/bullet-suspected-killed-cinematographer-recovered-162748570.html
The Calls Warehouse;https://www.thecallswarehouse.com/
The Camp Transformation Center Chatsworth, CA and Fortworth, TX;https://www.yelp.com/biz/the-camp-transformation-center-chatsworth-chatsworth?start=40
The CCP Network;https://ccpn.co.uk/
The Center fof Physical Rehabilitation;https://pt-cpr.com/
The Center For Balance;https://www.centerforbalancecincinnati.com/
The Center for Better Nutrition;https://www.facebook.com/thecenterforbetternutrition
The Church Green, British Grill;http://thechurchgreen.co.uk/
The Climate Act;https://climate-laws.org/geographies/denmark/laws/the-climate-act
The Clinician'subator;https://ludwig.guru/s/competence+of+the+clinician
The Club at Los Gatos;https://theclublg.com/
The Creative Allotment;http://thecreativeallotment.com/
The Crosby Group;https://www.thecrosbygroup.com/
The Crosby Group;https://www.thecrosbygroup.com/
The Cure Studios;https://www.thecurestudios.com/
The Del Borrello Group;https://delborrello.com/
The Deuser Group;https://www.linkedin.com/in/kristina-deuser-4477b586
The Dirt Tracks;https://thedirt.us/
The Edge Martial Arts;https://www.theedge-martialarts.com/
The Egyptian Financial Supervisory Authority;https://www.fsa.go.jp/en/glopac/Overview_about_the_Financial_Regulatory_Framework_in_Egypt.pdf
The Emerald City;https://www.imdb.com/title/tt3579018/
The Energy Credit Union;https://energycreditunion.org/
The epic food Guy;https://www.wvgazettemail.com/life/food_and_dining/the-food-guy-epic-food-and-drink-events-fill-three-consecutive-weekends/article_19aecfc1-7543-5395-90ba-21e8bab552ff.html
The Estate Advisory Board;https://theestateadvisoryboard.ca/
The F.I.T.T. PIT;https://hydeparkfatloss.com/
The FC Group;https://www.fc-grp.com/
The Food Hut;https://website-3590343892993853303170-restaurant.business.site/
The Fun Master;https://thefunmaster.com/
The General Union;https://thegeneralunion.org/
The GHTmpanies;https://books.google.com/books/about/The_Evil.html?id=nALrAwAAQBAJ
The Gibson Group;https://gibsongroupdc.com/
The Global (El Alamya) for IT, ICT, Electronics Systems and other Services;https://eg.linkedin.com/in/ashraf-ayad-46409753
The Global Institute of Probiotics;https://global.theprobioticsinstitute.com/en/the-science-behind/what-are-probiotics
The Go To Crew;https://www.circleofhopeonline.org/go-to-crew
The green dragon;https://greendragon.com/
The Guiding Star Foundation;https://theguidingstarfoundation.com/
The Healing Center of Lakeview;https://www.thcoflakeview.com/
The Hideout;https://www.hideoutassoc.com/
The Hive Strategic Marketing;https://www.dnb.com/business-directory/company-profiles.hive_strategic_marketing_inc_the.71dcb52d28c2e6543159d0e4f65a59db.html
The homework initiative;https://bellorganization.org/?p=81
The Human Factor;https://www.imdb.com/title/tt10890044/
The Inner Olympian;https://anchor.fm/theinnerolympianpodcast
The Institute for Poetic Medicine;https://poeticmedicine.org/
The Institute of Telecommunications Professionals;https://www.theitp.org/
The Kadence Group;https://www.groupkadence.com/
The Kineosioanalyst,;https://www.facebook.com/TheKinesioanalyst/
THE LAB Sports Performance and Fitness Center;http://thelabsports.com/
The Lamco Group;https://www.thelancogroup.com/
The LCLllective;https://www.goodreads.com/book/show/55100588-the-collective
The League Education.;https://www.theleague.coop/education-events
The Lending Hub, & Real Estate Hub,;https://lendinghubinc.com/
The Leslie Group;https://www.lesliegroup.com/
THE LOFT;https://www.loft.com/
The LOOK Fitness;https://thelookfitness.com/
The MAP Group;http://www.themapgroup.com/
The Mapleuple;https://www.yahoo.com/entertainment/the-110058450.html
The Meat Makers / UAB 'DORA';https://themeatmakers.com/
The Media Shopllective;https://www.mediashopcollective.com/
The Mer Project;https://www.merproject.net/
The Metro Group;https://www.linkedin.com/company/themetrogroupinc
The Mortgage HUB;https://www.themtghub.com/
The Mortgage Store;https://themortgagestore.com/
The Movement Academy Project;https://business.facebook.com/movementacademyproject/?__xts__%5B0%5D=68.arbah8u...
The MUSTllective;https://digital.lib.usf.edu/?e14.4963
The National Personal Training Institute;https://nationalpti.org/
The New Money generation Group;https://www.youtube.com/watch?v=CaELQS5kTso
The Nine O'Clock Gunmpany;https://www.nineoclockgun.com/
The Norinchukin Bank;https://www.nochubank.or.jp/en/
The North Place,;https://www.facebook.com/TheNorthPlaceMartinsville/
The Old Custom House Penarth;https://www.theoldcustomhousepenarth.co.uk/
The Old Custom House Penarth;https://www.theoldcustomhousepenarth.co.uk/
The ONE Enterprise;http://theoneenterprise.com/
The Optimistic Mom;http://www.theoptimisticmom.com/
The Oxford Center forsmetic and General Dentistry;https://www.yellowpages.com/oxford-ms/mip/the-oxford-center-for-cosmetic-and-general-dentistry-18779009
The Pelican Groupnsulting,;http://pelicancg.com/wps/
The Pepperllective;https://www.thecaterer.com/news/jose-pizarro-pepper-collective-restaurant
The Phones International Group;https://find-and-update.company-information.service.gov.uk/company/05083201
The Physical Therapy Center,;https://theptcenter.com/
The Pinnacle Team;https://www.compass.com/agents/the-pinnacle-team/
The Print Market Group;http://www.theprintmarket.com/
The Promo Addict;https://thepromoaddict.com/
The Real Estate Book Halifax Metro & South Shore, NS;https://www.therealestatebookns.com/
The Rehab Group;https://therehabgroupinc.com/
The Sculpt Barre;https://www.sculptbarrefitness.com/
The Shizuoka Bank,., New York Branch;https://swifty.codes/bank/the-shizuoka-bankltd-new-york-branch/
The Siammmercial Bank;https://www.scb.co.th/en/personal-banking.html
The Sir Winston Churchill Society of Calgary;https://www.churchillcalgary.ca/
The Social Brand Builder;https://play.google.com/store/apps/details?id=com.digitalshiv.brandbuilder&hl=en_US&gl=US
The Social Drop;https://www.facebook.com/socialdropTO/
The Spine Chiropractic & Wellness;https://www.thespinechiro.com/
The Standard Outsourcing;https://www.iso.org/standard/56269.html
The Strategy Solution;http://www.thestrategicsolution.com/
THE STUDIOS;https://www.yelp.com/search?find_desc=the+studios&find_loc=Las+Vegas%2C+NV
The Summit Health & Rehab;https://www.summithealth.com/
The Swedish Bankers´sociation;https://www.swedishbankers.se/en-us/
The TEAMmpanies & Talent Payment Services;https://theteamcompanies.com/
The Telecommunicationsnsultants;http://amerivoxtelecom.com/telecommunications-consultants/
The Trend Bunker;https://www.mordorintelligence.com/industry-reports/bunker-fuel-market
The Ubuntu Investmentmpany;https://ubuntu.com/blog/open-source-business-case
The Utensil Drawer,;https://www.kitchensource.com/drawer-organizer/d/utensil/
The Vantage Mortgage & Realty Group;https://vantagemortgagegroup.com/
The Vibe Dance and Fitness;https://thevibedanceandfitness.com/
The Victoria Food Bank;https://www.tfbgc.org/
The Vietnamese Kitchen;https://www.amazon.com/Into-Vietnamese-Kitchen-Treasured-Foodways/dp/1580086659
The Village Dentist;https://www.villagedental.com/
The Wealth Practice;https://www.mywealthpractice.com/
The Weight Roomnta Cruz;https://www.chamberofcommerce.com/united-states/california/santa-cruz/health-and-fitness-and-and-athletic-clubs/3838468-the-weight-room
The Wellness Movement,;https://www.thewellnessmovementusa.com/
The Western Unionmpany / Pago Facil Argentina;https://www.pagofacil.com.ar/
The What If Group;https://whatifmediagroup.com/
The Whole Brain Foundation,;https://www.thewholebrainfoundation.org/
The Whyte Oaks;https://www.thewhyteoaks.com/
The Wilderness Empowerment Project;https://theempowermentprojectt.com/blog/2020/11/30/6f1l39rp2lkutv6cqcl6xcii5w0s42
THE WOLSELEY RESTAURANT;https://www.thewolseley.com/
The Wright Success;https://www.thewrightsuccess.com/
The Written Wordpy Editing;https://writtenwordediting.com/
The Yoga Zen;https://theyogazengr.com/
Theder;https://www.thederrick.com/
thege practice: mindbodyaching for people in pain;https://www.ncbi.nlm.nih.gov/pmc/articles/PMC7037803/
Thellective Closet;https://collectivecloset.store/
Thempound;https://www.facebook.com/NEthepound/
Thendlot;https://ttoday.net/thefandlot.com
Thensumer Advocate Group;https://www.dnb.com/business-directory/company-profiles.the_consumer_advocacy_group_llc.97cc0c2acaba0ef8f02421b134050d4d.html
Thentact People;https://www.outsourceaccelerator.com/company/the-contact-people/
Thentrol Planner;https://www.narcotics.com/opioids/opioids-list/
Thenway;https://www.theway.org/
TheRealJenn;https://therealjenn.com/
Therme Art Program;https://therme.art/
thh;https://thh-llc.com/
Thien Viet Securities (TVS);https://www.tvs.vn/en/
Thiesign;https://www.thesign.com/
Thingswell;https://english.thingswell.cn/
Think One Change;https://www.amazon.com/Make-Just-One-Change-Questions/dp/1612500994
THINK OUTSIDE THE BOXI;https://thinkoutsidethetaxbox.com/
Think Tank Flotation;https://www.thinktankflotation.com/
Think Water;https://www.thinkwater.us/
Thinking Singular®;http://thinkingsingular.com/
THINKS Design;https://think.design/
Thinksmarter Tutoring;https://thinksmarter.in/dna-analysis-education-system-tuition-classes-coaching-institutes-business-coaching-culture-is-causing-such-a-big-loss-understand-why-it-is-necessary-to-change-the-education-system/
ThioMatrix;https://www.thiomatrix.com/
THK &sociates;https://www.thkstore.com/
THK &sociates;https://www.thkstore.com/
THK Solution;http://www.thksolutions.com/
Thomas Schartner pinc.atnsulting;https://www.youtube.com/watch?v=VYmPgO1ziGI
Thomas'llection;https://www.hamiltoncollection.com/products/908725001_thomas-kinkade-nurse-angel-figurine.html
Thomasok Russia;https://www.thomascook.com/
THR!VE WELLNESS CLUB;https://thrivewellnesshub.com/
THREE BOND WINE & DINE (ITALY) S.R.L.;https://sgpgrid.com/company-details/three-bond-wine-dine-pte-ltd
Three Joes;https://www.3joes.com/
Three Point Capital;https://www.tpc.us/
Three&Free Inner Healing;https://translate.yandex.ru/dictionary/en-ru/Three
Thriftplan;https://www.tsp.gov/
Thrive CBD;https://thrivecbdshop.com/
Thump Capital;http://www.thumbcapital.com/
Thunder Enterprises;https://thunder-enterprises.com/
Thunderstruckles & Marketing;https://www.youtube.com/watch?v=v2AC41dglnM
thyssenkrupp Rulletrapper;http://www.thyssenkrupp-rulletrapper.com/
Tianjin YUSO  packaging products;https://www.environmental-expert.com/news/goglio-tianjin-packaging-co-ltd-implements-bim-for-plant-lifecycle-management-solution-1043278
Tice Valley Physical Therapy;https://www.ticevalleyphysicaltherapy.com/
Ticketmaster;https://www.ticketmaster.com/
Tidesquare;https://www.tidesquare.com/
TIG;https://tig.com/
Tijuana mexican grill;http://www.tijuanasbarandgrill.com/
Tilcia Studios;http://tilciastudios.com/
Tilia Trustmpany;https://chroniclingamerica.loc.gov/lccn/sn87062268/1905-04-29/ed-1/seq-2/
Tilton Chiropractic;https://www.tiltonchiropractic.com/
Tim Burry Financial;http://www.timburry.com/
Time in Style;http://timeandstyle.nl/
Time In Style;http://timeandstyle.nl/
Time of Birth;https://astromix.net/blog/what-time-you-were-born/
Time2Shine;https://time2shinebmx.com/
Timelapps Lab;https://play.google.com/store/apps/details?id=com.mobilephoton.timelab&hl=en_US&gl=US
TINMAN Can;http://tinmancanning.com/
Tio Paco;https://www.youtube.com/user/WhiteShadow1988
Tip Top Equestre;https://www.tiptopequestre.ch/
TiriLab;https://tirilab.com/
TIRSoft;http://trisoftusa.com/
TIS ,Inc.;http://www.tis.com/
tisch13;https://www.tisch13.com/
Tisenhult-gruppen;https://www.tisenhult.se/en/
Titan technologies;https://titantechnologies.com/
Title Boxing Club of Prairie Village;https://uslocalgyms.com/kansas-gyms/overland_park/39452-title_boxing_club_prairie_village/
Tixewash Polska;https://tixe.pl/
TIZ IMPLEMENTS;https://www.tizimplements.pl/
TJmmunications;https://en.wikipedia.org/wiki/Communication
TKS Group;https://tksgroup.co/
TLC,;http://www.tlc.com/
TLE Fitnessaching;https://www.pinterest.de/leoniesuess111/bauchmuskel%C3%BCbungen/
TLEnsulting;https://www.slideshare.net/sourabhharankhedkar9/morpheus-humanconsultingreview-55331622
TLS;https://ru.wikipedia.org/wiki/TLS
TM3;https://www.tm3.com/
TMBAM;https://www.tmbameastspring.com/
Tmet;https://acronyms.thefreedictionary.com/TMET
TMG;https://ru.wikipedia.org/wiki/Microsoft_Forefront_Threat_Management_Gateway
TMO network solutions;https://www.tmonetworksolutions.com/
TMRG;https://www.tmrgsolutions.com/
Tms machinery M;https://www.tmsmachinery.com/
TN;https://www.tn.ru/
TNPC Global;https://www.tnpcglobal.com/
Today Marketing;https://www.marketingweek.com/marketing-news/
TÖDI SPORT AG;https://www.3614.ch/
Token Ödeme Hizmetleri ve Elektronik Para;https://www.tokeninc.com/
TOKOLINO;https://play.google.com/store/apps/details?id=de.toggolino.videos&hl=gsw&gl=US
Tokyo Joes Studios of Self-Defense;http://tokyojoes.net/
Tokyo sweet bar;https://savvytokyo.com/tokyos-top-8-dessert-shops/
Tom Zauke Accessoires UG;https://www.northdata.com/?id=294825020
Tomatosystem;https://www.tradingview.com/symbols/KRX-393210/financials-overview/
Tomek Massage;http://tomekmassage.com/
tomorrow stories e.U.;http://www.storiesoftomorrow.eu/
Tomorrow’s Pursuit;https://www.theory.com/pursuit-of-tomorrow/
TongYang Systems.;https://www.crunchbase.com/organization/tongyang-systems
Tonic Trix;https://www.behance.net/tonic_trix
Tonkotsu;https://en.wikipedia.org/wiki/Tonkotsu_ramen
Tonner Brand Development;https://www.openpr.com/news/2440872/skin-toner-market-is-going-to-boom-l-oreal-johnson-johnson
Toonsquare;https://github.com/toonsquare
Top Level Promotions;https://toplevelpromo.com/
TOP MARKET;https://www.topsmarkets.com/
Top Notch Reviews;https://www.indeed.com/cmp/Top-Notch/reviews
TOP PACKINGLIMITED;https://www.envisioninteligence.com/blog/top-packaging-companies/
TOP SHELF;https://topshelfwardrobe.com/
Top That Formal Hire;http://topthatformalhire.co.uk/
Top-Mech Provincial;https://www.linkedin.com/company/top-mech-provincial-sdn-bhd
Topack Solution;https://www.topack.co.jp/english/page/business_plant.html
ToPAS Electronics;https://topas.com/markets/electronics
TopConsultants;https://www.consultingmag.com/rankings/top-25-consultants/
Topline Promotions.;https://www.tlpromo.com/
TOPTECH Egypt;https://www.toptechegypt.com/
Toridoll Business Solutions;https://www.toridoll.com/en/company/profile/
Torii Ventures;https://finance.yahoo.com/news/torii-raises-10-million-series-050100693.html
Toro Latin GastroBar;https://www.richardsandoval.com/toro-serbia
Toronto Players Tour;https://www.torontoplayerstour.com/
Toronto Reggae;https://www.torontoreggae.ca/
Toronto Stamp;https://www.idproducts.ca/
TORQUE / Mindshare Canada;https://mediaincanada.com/2018/05/17/mindshare-canada-adds-new-division-hires-three/
Toshiba Electronics Europe;https://toshiba.semicon-storage.com/eu/company/tee.html
Toshiba Internationalrporation;https://www.toshiba.com/tic/
TOSS;https://www.merriam-webster.com/dictionary/toss
Toss Securities;https://toss.im/en
Total Body Balance & the Neurologic Relief Center;https://balancetotalbody.com/
Total Body Health Studios;https://totalbodyhealthstudios.com/
Total Family Chiropractic,;https://www.totalfamilychiropractic.net/
Total Health Chiropractic;https://www.thchiro.com/
Total Health Foods;https://thfdownriver.com/
Total Health Simplifiedaching;https://www.dnb.com/business-directory/company-profiles.total_health_simplified_llc.ef09345c19488532a041f7886ebcb9ca.html
TOTALCARE;https://totalcare.us/
Totalcoin;https://web.totalcoin.io/
Touch of Soul Massage Therapy;https://touchofsoulmassageth.wixsite.com/touchofsoulmassage
Touché! (Omnicom Media Group);https://www.touchemedia.com/en/
touchstone Marketing;https://www.touchstonemarketing.com/
Tourbillon Marketing;https://www.facebook.com/Tourbillon-Marketing-748356268553938/
Tourism Kamloops;https://www.tourismkamloops.com/
Towa Umra;https://www.urdupoint.com/islam/hajj-umrah-operator/towa-for-umrah-france-1465.html
Tower Group Financialrporation;https://towerfinancialgroupinc.com/
Toyota Credit Canada;https://www.toyota.ca/toyota/en/shopping-tools/financial-services/credit-pre-approval
Toyota Forklift;https://www.toyotaforklift.com/
Toyota Material Handling;https://www.toyotaforklift.com/
TOYOTA Material Handling Mercosur;https://www.toyota-industries.com.ar/
TPS;https://hub.forklog.com/opredelenie-tranzaktsij-v-sekundu-tps/
TPS Promotions &entives;https://www.tpspromo.com/
TPS, OMV Tunisia;https://www.omv.tn/en-tn/about-omv
TrackDDB;https://trackddb.com/
Trade Exchange Canada;http://tradeexchangecanada.ca/
Trade Financesociation of Bankers;http://tfab.org/
Trade Laboratory OÜ;https://strade.ee/
TradeWinds;https://www.tradewindsresort.com/
TradeZero;https://www.tradezero.co/
Train Like Cain Fitness;http://www.trainlikecainfitness.com/
Train With Shane Personal Fitness;https://www.trainwithshane.com/
TRAMS;https://www.transit.dot.gov/funding/grantee-resources/teamtrams/transit-award-management-system-trams
Tranaga,;http://tranaga.vn/
Tranex Telecommunications;https://www.tranex.co.uk/
Trans Data Management;https://trans-data.com/
Transaction One;https://www.transactionone.net/
Transamerica Life Canada;https://www.solutionsfinancial.ca/insurance-products/life-insurance-companies-in-canada/transamerica-life-canada/
Transerv 2000 Repair Service & KG;http://www.transerv2000.de/
Transformative Bodywork;https://transformativebodyworks.com/
Transilvania Leasing & Credit IFN;http://transilvanialeasingsicredit.ro/
TransIT;https://transitapp.com/
Transit;https://www.ford.ru/vans-and-pickups/transit
Transition Plussociation;https://www.ruralgrow.org/
Transitions;https://writingcenter.unc.edu/tips-and-tools/transitions/
Transmativ;https://www.qualtrics.com/partnerships/transmativ/
Transmed;https://login.transmed.net/
Transmobis;http://www.transmobis.lt/
TRANSPOWER S.R.L.;https://transpowersrl.com/
Trattoria da bepi;https://www.tripadvisor.com/Restaurant_Review-g187870-d1136726-Reviews-Trattoria_da_Bepi_Gia_54-Venice_Veneto.html
Travailleur autonome;https://www.revenuquebec.ca/fr/citoyens/travailleurs-autonomes/
Travel and Tours;https://www.besttravelandtours.com/
travel bridge;https://www.travel-bridge.com/?lang=en
Travel Touch Massage;https://traveltouchmassage.com/
Travel-Insider;https://www.insider.com/travel
Travelnet & Tours / Al-Jazeera Travel;https://tnsinc.com/
TravelTrex;https://traveltrex.com/en/
TRB Ventures (MHub);https://mhub.my/who-we-are/
Treasurer Spółka z ograniczoną odpowiedzialnością sp.k.;https://www.imsig.pl/krs/0000719325
Tree of Life Therapeutic Massage;https://tolmassage.com/
Treesoftheplanet u.G.;https://de.linkedin.com/in/nicolas-weiss-045345195
Treetops Capital Partners;https://treetoppartners.com/
Trend House Fashion;https://www.homesandgardens.com/news/interior-design-trends-2021
Trend Log Book;https://trendlog.dk/book-a-live-demo/
Trendmetrix Ligthware;https://www.facebook.com/trendmetrix
Trention (publ);https://www.trentonk12.org/
TREPKO;http://www.trepko.com/
Tresdata;https://tresdata.com.my/
Trevor Gustafson Illustrations & Design;https://trevorgustafson.com/about/
Trí Tue Viet;https://tritueviet.net.vn/
Tri-Media Integrated Marketing Technolgies;http://www.tri-media.com/
Tria Life Fitness;https://www.yelp.com/biz/tria-life-fitness-los-angeles-2
Tria Publications International,;https://content.naic.org/cipr_topics/topic_terrorism_risk_insurance_act_tria.htm
Triangle Group;https://www.drive2.ru/b/1505513/
Tricks Gymnastics;http://www.tricksgym.com/
Trident Art Foundation;https://tridentfoundation.net/
Trigenix;http://trigenixlab.com/
Trilogy Wellness And Chiropractic;https://trilogychiropractic.com/
Trimm Design;https://www.trimmdesign.com/
Trinity Mortgagempany;https://trinitymortgage.com/
Trinity Therapeutic Massage,;https://trinitytherapeuticmassagellc.com/
Trioliet;https://www.trioliet.com/
Trip TV;https://www.youtube.com/user/trip
Tripath;https://tripath.us/
Tripath Vietnam;http://tripath.vn/work/
triper UG (haftungsbeschränkt);https://implisense.com/de/companies/triper-ug-haftungsbeschraenkt-hamburg-DEC2VUZVGE06
Triple Crown Chiropractic;https://www.triplecrownchiro.com/
Triple Threat Boxing;https://www.triplethreatgym.com/
TRIS Rating.;https://www.trisrating.com/
Tristar Capital Partners;https://sgpgrid.com/company-details/tristar-capital-partners-pte-ltd
Triumph Krav Maga/Monkey Bar Gym New Orleans,;https://www.facebook.com/monkeybargymneworleans
Trivium;https://www.trivium.org/
Tromlitz Haubi;http://www.tu-fh-gmbh.ch/
Tropa Holding;https://www.tropaholding.com/
Troubleshooter Accounting Services;https://www.capactix.com/7-common-problems-faced-by-cpa-firms-in-todays-accounting-business/
TROX Americas;https://www.trox-northamerica.com/
TRSfety training (part of Radio Structures);http://www-pub.iaea.org/MTCD/publications/PDF/P066_scr.pdf
Tru-connect;https://www.truconnect.com/
Tru-Turf;https://truturf.com/
True Bond Media;https://www.facebook.com/truebondmedia/
True Drinks,;https://www.amazon.com/true-drink-mix/s?k=true+drink+mix
True to Life Nutritionunseling andnsulting,;https://ae.couriersinwolverhampton.co.uk/75df8ccb192ee25219424575df8cc
True Wellness;https://weedmaps.com/dispensaries/true-wellness
True You Enthusiast;https://www.facebook.com/trueyouenthusiast/
TruSIP;https://www.trusip.com/
Trust Securities;https://www.lawinsider.com/dictionary/trust-securities
TrustedmedRx;https://trustedmedrx.com/
Trustee & Fiduciary Insurance Services;https://trusteeglobal.com/ru/
Trusturk;https://www.facebook.com/trusturkcorp
Truvestments;https://www.truvestments.com/
TSC;https://www.tsc.edu/
TSC North America;http://www.t-s-c.com/html/contact/locations/
TSFit;https://tsfitco.com/products/tsfit-vapor
TSI-GREEN EngineeringRL;https://www.tsi.limited/product-category/engineering-products/green-energy-solutions/
TT Real Estate Investors;https://www.facebook.com/Trinilandmantt/
TTL;https://ru.wikipedia.org/wiki/Time_to_live
TTSP HWP Planungsgesellschaft mbH;https://ttsp-hwp.de/
Tuğrul Seracılık ve Tarım Ürünlerinayi ve Ticaret Şirketi;https://www.find.com.tr/Company/tugrulseracilikvetarimsanayiticaretlimitedsirketi
TUI Cruises;https://www.meinschiff.com/
TUI Deutschland, FIRST Business Travel;https://www.first-business-travel.de/system/footer/contact_information.en.html
TUI Reisecenter Neunkirchen am Brand;https://www.tui-reisecenter.de/neunkirchenambrand1
TUI Reisecenter Zweibrücken;https://www.zweibruecken.de/de/strukturierte-daten/organisationen/unternehmen/reisebuero-hans-junker-tui-reisecenter-inh-achim-lehnen-e-k/
Tui-Reisecenter Nördlingen;https://web2.cylex.de/firma-home/tui-reisecenter-noerdlingen-12255547.html
Tunonirporate Group;https://www.linkedin.com/company/mol-group/?lipi=urn%3Ali%3Apage%3Ad_flagship3_profile_view_base%3BS56LbUYlTgS4wL6icXzRwQ%3D%3D&licu=urn%3Ali%3Acontrol%3Ad_flagship3_profile_view_base-background_details_company
turfcafe;https://www.turfcafe.in/
Turing Tecnologia;http://www.ciencia-online.net/2015/02/5-descobertas-de-alan-turing-que-mudaram-a-tecnologia.html
Turkington Business Services;https://tarkenton.com/
Türkiye Finans Katılım Bankası;https://www.turkiyefinans.com.tr/tr-tr/sayfalar/default.aspx
Turkrating - İstanbul Uluslararası Derecelendirme Hizmetleri;https://turkrating.com/
Turner Morris;https://www.turnermorris.com/
Turquoise and Dust;https://www.etsy.com/market/turquoise_dust
Turquoise Shoes;https://www.amazon.com/turquoise-shoes/s?k=turquoise+shoes
Turtle Bay Restaurants;https://www.turtlebayresort.com/dining
Turtle Telecom;https://study.com/academy/answer/turtle-telecom-recently-paid-a-dividend-of-2-43-per-share-to-its-common-stockholders-it-is-expected-that-the-dividend-will-continue-to-grow-at-a-rate-of-4-6-per-year-for-the-foreseeable-future-if-investors-expect-a-rate-of-return-of-8-6-what-is-the.html
Tutt Bryant Equipment;https://tuttbryant.com.au/tutt-bryant-equipment/
TÜV AUSTRIA Automotive;https://www.tuv.at/en/solutions/infrastructure-transportation/automotive/
TÜV AUSTRIA HOLDING AG;https://www.tuv.at/en/home/
TVRmmunications;https://www.dnb.com/business-directory/company-profiles.tvr_communications_llc.7f8027052be6f9c0d36e2309c759063f.html
Twilight;https://en.wikipedia.org/wiki/Twilight_(2008_film)
Twillingate International;https://www.facebook.com/TwillingateInternational
Twirly Girls Pole Fitness;https://twirlystudios.com/about-our-studios/
Twisted Toning;https://www.fascinatingdiamonds.com/shop-online/ring-styles/twist-and-swirl-engagement-rings
Two Hands Games;https://www.twohandsgames.com/en/
TxT2Look Atlantic;https://ca.linkedin.com/in/ed-beazley-4322b118
TxT2Look Atlantic;https://ca.linkedin.com/in/ed-beazley-4322b118
TyloHelo (formerlyunatec);https://www.tylohelo.com/testar
TZS FIRST Emmerce;https://www.ceginformacio.hu/cr9070265430_EN
U;https://www.youtube.com/
ua packaging;http://uapkg.com/
UAB 'Innoseven technologies';http://www.innoseven.com/
UAB Digipunk;https://rekvizitai.vz.lt/imone/digipunk/
UAE Exchange- Global Headquarters;https://en.wikipedia.org/wiki/UAE_Exchange
UBC Poker Club;https://www.hackertsales.com/Ubc-Poker-Club.html
ubicube;https://ubiqube.com/
UbiNetics;https://www.ubifi.net/
Ubroek Machinefabriek;http://www.ubroek.nl/en/nieuws.html
UBS BB Investment Bank;https://www.ubs.com/global/en/media/display-page-ndp/en-20201001-ubs-bb-investment-bank.html
UBS Europe S. E. Sucursal en España;https://www.ubs.com/es/es/information.html
UBS Financial Services, Private Wealth Management;https://www.ubs.com/us/en/wealth-management.html
UBS Financial Services,, Private Wealth Management;https://www.ubs.com/us/en/wealth-management.html
UBS Financial Services,, Private Wealth Management;https://www.ubs.com/us/en/wealth-management.html
UBS Financial Services,, Private Wealth Management;https://www.ubs.com/us/en/wealth-management.html
UBS Financial Services,, Private Wealth Management;https://www.ubs.com/us/en/wealth-management.html
UBS Hanaset Management;https://www.glassdoor.ie/Overview/Working-at-UBS-Hana-Asset-Management-EI_IE647489.11,36.htm
UBS Securities;https://www.ubs.com/global/en.html
UCF Reel Knights;https://www.ucffishingclub.com/
UCNS Managed IT;https://ucns.com/
Udn Packagingrp.;https://www.udnpack.net/EN/
UFC GYM;https://www.ufcgym.com/
UFC GYM Folsom;https://www.ufcgym.com/locations/folsom/
UGM Marketing Solutions;https://ugmofficial.com/
UK CCTV & Security Systems;https://www.gov.uk/government/publications/crowded-places-guidance/cctv
UK IT Networks;https://ukitnetworks.com/
UK Voice Call;https://voicecall-online.co.uk/
UKTD Financial Services UAB;https://rekvizitai.vz.lt/en/company/uktd_financial_services/
Ulbrich GesmbH.;http://www.hydac.com/
ULMA Packaging Systems (SA)(PTY)LTD;https://www.ulmapackaging.com/en/contact/africa-middle-east/south-africa
Ultimate Fitness Challenge Pella;https://business.facebook.com/UFCPella/?__xts__%5B0%5D=68.aradj6oi...
Ultimate Health Personal Training Center;https://www.ultimatehlth.com/
Ultimate Productions;http://www.ultimateproductions.com/
Ultimate Products;https://www.upgs.com/
Ultra Technology;http://ultratechnologyleb.com/
uma international;https://www.uma.edu/admission/international/
Umami Restaurant Rotterdam;https://umami-restaurant.com/rotterdam/
Umoe Catering;https://nextway.software/en-us/cases/umoe-catering
Umoe Restaurants;https://www.linkedin.com/company/umoe-restaurants
UMV;https://umvak.com/
UMW Equipment;https://www.umwequipment.com/
Unbridled;https://WooordHunt.ru/word/unbridled
Underdog Evolution;https://poketech.fandom.com/wiki/Underdog_(class)
Underrock Investments Lda.;https://www.racius.com/underrock-investments-lda/
Underwriters Alliance;https://www.uaii.net/about-us
UNIBRAND Online Services;https://www.unibrand.de/online-services/
Unicom;https://www.unicomglobal.com/home/
unicom;https://www.unicomglobal.com/home/
UniCreditrporate & Investment Banking;https://online.unicreditcorporate.it/nb/it/uniweb.html
UniCreditrporate & Investment Banking;https://online.unicreditcorporate.it/nb/it/uniweb.html
Unifreezing;https://www.frozen-goods.com/unifreezing-bv-freezing-cooling-solutions/
Unigel (UK);https://www.unigel.co.uk/products/
Union Benefits;https://www.unionplus.org/page/benefits-union-membership
Union Street Technologies;https://www.unionstreet.co.uk/
Union Street Technologies;https://www.unionstreet.co.uk/
UNIopération Financière;https://www.uni.ca/fr/
UNIQA Insurance Group AG, UNIQA IT Services;https://uniqagroup.com/gruppe/versicherung/index.en.html
Unique Fitness, Training & Health for Special Needs Individuals;https://www.uniquefit1.com/strength-training.html
UNITAS Vietnam;http://www.unitasvietnam.com/
UNITEC;https://www.unitecparts.com/
Unitech;https://www.ute.com/us
Unitech;https://www.unitechus.com/
United Brands Middle East & Africa;https://ubmea.com/
United Craft;https://www.unitedcraftus.com/
United Installation Services;https://www.linkedin.com/company/united-installation-services
United Limousines AG;https://united-limousines.com/
United Overseas Bank (M) Berhad;http://www.uob.com.my/
United Overseas Bank (Malaysia);https://www.uob.com.my/
United Overseas Bank (Malaysia);https://www.uob.com.my/
United Overseas Bank (Malaysia);https://www.uob.com.my/
United Overseas Bank (Malaysia);https://www.uob.com.my/
United Overseas Bank (Malaysia);https://www.uob.com.my/
United Overseas Bank (Malaysia);https://www.uob.com.my/
United Overseas Bank (Thai);https://www.uob.co.th/default-en/index.page
United Overseas Bank (Thai);http://www.uob.co.th/
United Overseas Bank (Thai).;https://www.uob.co.th/default-en/index.page
United Overseas Bank (UOB);https://en.wikipedia.org/wiki/United_Overseas_Bank
United Overseas Bank Seoul Branch;https://wise.com/us/swift-codes/UOVBKRSEXXX
United States Bankcard Service;http://www.usbankcardservice.com/
United States Finance;http://theunitedstatesfinancecompany.com/
UnitedHealth Group Ventures - Orthology;https://www.bizjournals.com/twincities/news/2015/02/05/unitedhealth-orthology-buys-reynolds-rehab.html
Unity CareMedic Group;https://www.linkedin.com/in/emandesir
Unity Group Financialrporation;https://unitygroupfinancial.com/
Unity Payments;https://unity-payments.com/home/
Universal Call (UCL);https://www.linkedin.com/company/universal-call-limited-ucl
Universal Machining Solutions;https://www.listcompany.org/Universal_Machining_Solutions_Ltd_Info.html
Universal procurement systems vietnam;https://blogs.worldbank.org/governance/using-country-procurement-systems-china-and-vietnam-improve-efficiency-transparency-and-competition
Universalfetynsultants And Services;https://www.researchgate.net/publication/331232320_Services_and_Productivity_Investigation_and_comparison_of_methods_for_productivity_measurement
University of Birmingham Tennis;https://uabsports.com/sports/mens-tennis/
University of Newcastle Alumni;https://www.newcastle.edu.au/engage/alumni
UNIX;https://ru.wikipedia.org/wiki/Unix
Unlimited Career Development;https://www.unlimitedcareerdevelopment.biz/
Unlu &;http://www.unlu.edu.ar/
UNLU &;https://unlu.io/
UNOapp;https://apps.apple.com/us/app/uno/id1344700142
UNOTECH;https://unotechsoft.com/
Unplug Revolution;https://unplugrevolution.com/
Unwind Yoga and Healthaching;https://www.youtube.com/watch?v=6EybRoLNIu0
UNYX BANK;https://www.facebook.com/unyxbank/
UPEC;https://www.ncbi.nlm.nih.gov/pmc/articles/PMC5559502/
UPLevel;http://uplevel.global/
Uplyft Capital;https://www.uplyftcapital.com/
Upna Solutions.;http://thebostonsun.com/2021/10/14/upna-discusses-solutions-for-ongoing-rat-problem/
Upscale Balloons;https://upscaleballoons.com/
Upstalsboom Hotel + Freizeit &Co.KG;https://www.upstalsboom.de/
Uptone;https://uptoneaudio.com/
Uptown Dental;https://www.uptown.dental/
Upwelling;https://en.wikipedia.org/wiki/Upwelling
UQOmpetitionmmittee;https://profootballtalk.nbcsports.com/2021/11/10/katie-blackburn-becomes-first-woman-to-serve-on-competition-committee/
urban aqua, waterfront development;http://urban-aqua.com/
Urban Guild;https://www.urbanguild.org/
Urban Parametrics;http://www.urbanparametrics.com/
Urban Pubs and Bars;https://www.urbanpubsandbars.com/
Urban Standards;https://www.urban-standards.com/
Urban Systems;https://www.urbansystems.com/
UrbanCoventry;https://www.coventrytelegraph.net/news/coventry-news/gallery/urban-coventry-19959251
Urlaubsplus Touristic Group;https://www.urlaubsplus-gmbh.com/en/round-trips/
Ursa Major Group;http://www.atlasoftheuniverse.com/galgrps/uma.html
Urus Group;https://www.urus.org/board
US Mortgage Of Florida NMLS;https://usmtgfl.com/
USA Fitness Center;https://www.myusafitness.com/
Usana;http://www.usana.com/
Usha Martin International.;http://www.ushamartin.com/en/
Utility Plant & Maintenance;https://www.lawinsider.com/dictionary/utility-plant
Utility Services;https://portal.utilservcorp.com/
UTSC Visual Arts Club (VAC);https://ulife.utoronto.ca/organizations/view/id/127867
V Spa;http://thevspa.com/
V2I;https://www.3m.com/3M/en_US/road-safety-us/resources/road-transportation-safety-center-blog/full-story/~/what-is-vehicle-to-infrastructure-v2i-communication-and-why-do-we-need-it/?storyid=021748d7-f48c-4cd8-8948-b7707f231795
Vacutech;https://vacutechllc.com/
Vacvator;https://www.vacvator.com.au/
VADU;https://www.vudu.com/
Valentine & Kebartas,;https://en.wikipedia.org/wiki/Valentine
Valgesduey, S.L.;https://www.einforma.com/informacion-empresa/valgesduey
Valkenberg Finance;https://www.youtube.com/spiritinfinance
Valley Chiropractic: A Creating Wellness Center;https://www.valleychiropractic.com/
Valmiera glass group (JSC Valmieras stikla skiedra, Valmiera glass, Valmiera Glass USArp.);https://www.valmiera-glass.com/
Valor Invest.;https://valorinveste.globo.com/
Valorize - Liberdade Financeira;https://www.youtube.com/watch?v=uW34kq3UURg
Valtech nv;https://www.valtech.com/
Valton Feeding Solutions;https://valtonfeedingsolutions.com.au/
Value Makers;http://dev.future-focused-finance.uk.plesk-server.com/value-makers
Value Plant Hire;https://easyplanthire.com/blog/what-is-plant-hire/
Value Star Advisory;https://www.facebook.com/valuestaradvisory
ValueStar;https://www.columbusmckinnon.com/en-us/products/hoisting-lifting-equipment/electric-air-hoists/electric-chain-hoists/valustar-electric-chain-hoist/
VAMED-KMB Krankenhausmanagement und Betriebsführungsges.m.b.H.;https://www.firmenabc.at/vamed-kmb-krankenhausmanagement-und-betriebsfuehrungsges-m-b_mzw
VAMENIA Fashion & Design;https://www.vamenia.de/de/
Van Bemmel machine-import Recyclingmachines;https://www.zoominfo.com/c/van-bemmel-machine--import-recyclingmachines/372689744
Van der Graaf Polska;http://www.vandergraaf.pl/
Van der Zalm apparaten-machines;http://www.vanderzalm.eu/
Van Dijk's Apparatenfabriek;https://vandijksystems.nl/
Van Dyck Marcel Belgium nv;http://www.vandyck.be/
Van Fleet Creative Services;https://vanfleetservice.com/
Van Haut NV;https://vanhaut.be/
Van Isle Creative;https://business.facebook.com/VanIsleCreative/?__xts__%5B0%5D=68.ardwqrwkhyjio...
Van Mourik Yeast & Packaging;https://yeastandpackaging.com/
Van Steen.;https://www.vansteen.com/
van Tooren Ireland;https://ie.linkedin.com/in/doina-van-tooren-rotari-207aa81
Van Vemde Projectontwikkeling NW;https://www.vanvemdeprojecten.eu/
Van Voorden;https://www.vanvoorden.com/
Vancouver Sign Group;https://vsgbc.com/
Vancouverntent;http://vancouvereventtents.com/
Vanessa-Tatiana Marketing &mmunications;https://ca.linkedin.com/in/vanessa-tatiana-duhamel-b2935550
Vanguard Dental Group;https://www.vanguarddentalgroup.com/
Vanity;https://translate.yandex.ru/dictionary/en-ru/Vanity
VANTAGE Image Marketing;http://www.vantageimagemarketing.com/
vapiano;https://vapiano.com/
Varispin Technologies;https://www.tibhar.com/en/product/vari-spin-d-tecs-2/
Varsity Cleaners;http://www.varsitycleaners.com/
Vault IT, sia;https://company.lursoft.lv/vault-it/40103995775
Vault oftoshi;https://www.toshifinancial.com/
vault woodford;https://vaultwoodford.co.uk/
Vay Tiền Online;https://banktop.vn/vay-tien-online/
Vays Ag;https://vaysag.com/
VB Dieseltech;https://www.vbdieseltech.be/
VCH &SOCIATES;https://www.freshtrends.com/pages/vertical-clitoral-hood-piercing
VDL Castings Weert & Heerlen;https://www.vdlcastings.nl/nl
VecTech Solutions;https://www.vectechsolutions.com/
Veerhuys tante Jet;http://www.tantejet.nl/home
Vega Systems;https://vegasystems-group.com/
Veggie-Kids;https://veggie-kids.com/
Vehicle Title Loansociation of Thailand;https://tdl-service.com/thailand-vehicle-transfer-of-ownership-car-or-motorbike-in-your-name-how-to/
Venari Trading;https://venari-capital.com/
Venbey Yatırım Menkul Değerler;https://www.venbeyyatirim.com/
Vencash Payment Solutions;https://albertacorporations.com/vencash-payment-solutions-inc
Vendo;https://www.vendoco.com/
Vendys;https://www.wendys.com/
Venice Fitnessmpany;https://www.prnewswire.com/news-releases/rsg-group-set-to-acquire-golds-gym-301092698.html
Vens & Thiers;https://www.vans.com/
VENTBRAS INDUSTRIA ELETROMETALURGICAA.;https://ventbras.com.br/
Ventch;http://ventechchina.com/
Ventiladores Bernauer;https://www.bernauer.com.br/produtos/ventiladores/
Vento Capital;http://vento.capital/
Ventrustnsulting;https://www.facebook.com/adrianadraghicims/
Venture Fit Crunch fitness;https://www.linkedin.com/company/fitness-ventures-llc-crunch
"Ver&lt;Kost&gt;Bar Grätzl Vinothek";https://www.spanishdict.com/translate/ver
Verbruggen Emmeloord;https://verbruggen-palletizing.com/contact/
VERBUND Energy4Business;https://www.verbund.com/en-at/about-verbund/company/business-segments/electricity-trading
VERBUND Green Power;https://www.verbund.com/en-de/about-verbund/news-press/press-releases/2020/11/17/greenhydrogenbluedanube
Verdana Fond & Försäkring;https://docs.microsoft.com/en-us/typography/font-list/verdana
Verdas Wien-Europaplatz - Dräxler Versicherungsberatung;https://www.verdas.at/wien-europaplatz/
Verder International;https://www.verder.com/
Verhoeven Grondverzetmachines;https://www.verhoevenbv.com/
Verico - The Mortgage Professionals;https://www.linkedin.com/company/the-mortgage-professionals-verico-
Verified Media;http://verifiedmedia.org/
Veritable Soft Innovations;https://ramyt1.wixsite.com/veritablesoft
Vermeer Equipment Suppliers;https://www.vermeer.com/
Vermeer Portugal;https://www.vermeer.pt/
Veros;https://www.veros.com/
Versa Indoor Cycling & Fitness;https://versafitness.online/
Versyns Ventures;http://www.versynsventures.com/
Versyns Ventures;http://www.versynsventures.com/
Vertue;https://www.merriam-webster.com/dictionary/virtue
Verus Gestão de Patrimônio;https://verusgp.com.br/index_en.html
Verus Valuations.;https://verusvaluations.com/
Vestor Dom Maklerski;http://vestor.pl/
Veterinary Anaesthesia Services-International;http://www.vas-int.com/en-us/vasta/
VFS Global Investments;https://kuoni.com/vfsglobal.html
VHD Media Group;https://www.dnb.com/business-directory/company-profiles.vhd_media_group_ab.6b7554bb450c6ee372745fbabc8fdb34.html
Via+ Outsourcing ensultoria Financeira;https://business.facebook.com/viamaisconsultoria/?__xts__%5B0%5D=68.ARDl8gyiRYBJGR...
VIARES (www.viares.at);https://www.genome.gov/genetics-glossary/Virus
VIBE FITNESS;https://www.experiencevibefitness.com/vibe/
vice president mympany;https://www.youtube.com/watch?v=9idRhAh70Eo
Vicman;https://www.vicmanhomes.com/
Victoria Group;https://www.victoriagroup.rs/en
Victoria restaurant;https://www.tripadvisor.com/Restaurants-g56823-Victoria_Texas.html
Victoria's Enterprises;https://victoria-ent.com/
Victorymmunications;https://victorytvservice.com/
VIDA TREINAMENTOS EM GOVERNANCARPORATIVA;https://vidatreinamentos.com.br/
Video Production Entertainment Media;https://catalog.volstate.edu/preview_program.php?catoid=31&poid=3812
VideoPages;https://www.videopages.com/
Viet View;http://www.vietviewhotel.com/
VietCAS;http://www.vietcast.net/
VietDev;https://viet.dev/enter?state=new-user
Vietentours Austria;https://www.vietentours.com/
VietinBank Capital;http://www.vietinbankcapital.vn/
Vietnam Blockchainrporation;https://vietnamblockchain.asia/vi/
Vietnam Capital Partners;http://www.vncappartners.com/
Vietnam Credit Bureau;https://vietnamcredit.com.vn/
vietnam real estate;https://tranio.com/vietnam/
Vietnetcom;https://vietnamnet.vn/
villa bianca;https://www.villabianca.com/ar/home
Villa magica;https://villamagica.net/
Villa Sisi Pantai Bali;http://www.balivillasisipantai.fr/
Village Manor;https://www.thevillagemanor.com/
Villandudden Konferens;https://www.trip.com/hotels/holmsund-hotel-detail-4232433/vsterbacken-hotell-and-konferens/
Villinger R&D;https://www.villinger.com/
Viniferamine;https://www.woundsource.com/company/viniferamine
Vinit.;https://www.vivint.com/
Vintage WaterMelon;http://www.vintagewatermelon.com/
Viper Marketing Group;https://www.vipermarketing.ca/
VIRA Wine Cabinets & Wine Cellars Bespoke;https://www.houzz.com/photos/wine-cellar-cigar-humidor-phbr0lbl-bl~l_64539
ViralSoft;https://viralsoft.vn/
Virgin Media;https://www.virginmedia.com/
Virtual Lab.;https://www.virtuallabschool.org/
VirtualBiz Technology;http://www.virtualbiz.com.my/
Virtualllaborative Services;https://azure.microsoft.com/en-us/services/lab-services/
Virtualmms;https://www.fastems.com/blog/utilizing-virtual-mms-during-and-after-system-delivery/
visadep media;https://visadep.medium.com/
Vision Design & Advertising;https://www.visiondesign.com/
Vision Elite;https://www.visioneliteathletics.com/
Vision for IT;https://www.ittoolkit.com/articles/IT-strategic-vision
Vision Planters;http://visionplanters.com/
Vision Rescue Foundation;http://visionrescue.co.in/
Visions in Print;https://visionsinprint.wordpress.com/about/
ViSoft;https://www.visoft.de/?lang=en
vistapark;http://www.vistaparkhealth.org/
Visual Bridge Builder;https://40x4x28.com/
Vital Telcom;https://www.facebook.com/pages/Vital-Phone-Ltd/234770586618317
Vital Telcom;https://vital-tel.co.uk/
Vital Trends;https://shopvitaltrends.com/
Vitality Personal Fitness at GStar Fit Gym;https://lessons.com/ma/newton/personal-training/vitality-personal-fitness
VITTA INTERNATIONAL;http://www.vittainternational.com/
Viva Insurance Brokers;https://vivainsurance.ae/
Viva Radiance;https://shop.southernmobilityonline.com/lift-chairs/view-all-lift-chairs/new-pride-vivalift-radiance/
VIVALAVIE;https://www.imdb.com/title/tt0088357/
Vive Pilates!;https://vivepilates.com/
Vivere;https://vivereltd.com/
VIVID;https://www.merriam-webster.com/dictionary/vivid
vivint;https://www.vivint.com/
Vizier Systems;https://www.viziersystems.com/
VJFG;https://villo.com.cn/product-item/vjfg-series-medium-high-pressure-dust-collector/
VK INFOTECH SOLUTION;https://vkinfotech.com/
vk mobiles;https://m.vk.com/?lang=en
VLB Leitungsbau & KG;http://www.powerlines-group.com/spl/vlb.nsf/sysPages/EN.html
VLS TRADER;https://www.darwinex.com/invest/VLS
VLW Therapy Services;https://npino.com/mental-health/1336628478-vlw-llc/
VM &nsultants LLP.;https://azure.microsoft.com/en-us/overview/what-is-a-virtual-machine/
VMG;https://www.vmgpartners.com/
VNCPOST;https://vncpost.com/
vNex telecom;http://www.vnextelecom.org/
VNEXT SOFTWARE;https://vnextlabs.com/
VNPT Media;https://vnptmedia.vn/
VODA BI;https://vodabi.com/
Vodafone;https://www.vodafone.com/
Vodafone;https://www.vodafone.com/
Vodafone Group Services;https://www.dnb.com/business-directory/company-profiles.vodafone_group_services_gmbh.5061c076c8214cf09a7b07a70e206c6a.html
Vodafone Tomorrow Street - Innovation Accelerator;https://www.tomorrowstreet.co/
voestalpine Automotivemponents Schwäbisch Gmünd & KG;https://www.voestalpine.com/automotivecomponents/Standorte/Europa/voestalpine-Automotive-Components-Schwaebisch-Gmuend-GmbH-Co.-KG
voestalpine BÖHLER Aerospace & KG;https://www.voestalpine.com/bohler-aerospace/de/
voestalpine Böhler Aerospace & KG;https://www.voestalpine.com/bohler-aerospace/de/
voestalpine BÖHLER Edelstahl;https://www.voestalpine.com/bohler-edelstahl/de/
voestalpine Böhler Welding;https://www.voestalpine.com/welding/
voestalpine Böhler Welding CEE;https://www.advantageaustria.org/us/company/en/voestalpine-bohler-welding-cee-gmbh
voestalpine ČR, s.r.o;https://www.voestalpine.com/eurostahl/International-sales-and-distribution/Czech-Republic
voestalpine Eurostahl;https://www.voestalpine.com/eurostahl/International-sales-and-distribution/USA
voestalpine High Performance Metals Polska;https://www.voestalpine.com/highperformancemetals/pl/pl/
voestalpine Rail Technology;https://www.voestalpine.com/railway-systems/en/locations/voestalpine-rail-technology/
Vogel Marketing;https://www.marketingdirection.com/
Vogelsang;https://www.vogelsang.info/en-us/
Vogue Pilates;https://www.vogue.com/article/how-pilates-changed-my-feelings-about-fitness
VOIPAR;https://www.voipar.com/
Voith Turbo;https://www.voith.com/corp-en/group/organization/group-divisions/voith-turbo.html
Voith Turboa.;https://www.voith.com/corp-en/group/organization/group-divisions/voith-turbo.html
Volga Marketing;http://volgamarketing.at/
Volker;https://www.investopedia.com/terms/v/volcker-rule.asp
Volkswagen Serviços Financeiros;https://www.vwfs.com.br/
Volleyball Installation & Dismantle Services;https://www.volleyballusa.com/installation-instructions/
Volta;https://volta.com.tr/
Voltaire Group;https://groupevoltaire.com/en/home/
Volvo Car Austria;https://www.volvocars.com/at
vonturm;https://vonturm.ch/
VOODOO Q;https://voodooqbbq.com/events
Vopy (publ);https://publicrecords.copyright.gov/
Votano CPR,;https://www.votanocpr.com/
Votech PLT;https://my.linkedin.com/in/leeyitsoong
Votiva;https://www.edwardeadesmd.com/votiva-what-does-it-do-and-how-does-it-work/
Vox Ghana;https://www.vox.com/the-goods/22700581/aja-barber-consumed-book-fast-fashion-ghana
VoyageFit,;https://www.yelp.com/biz/voyagefit-performance-coaching-sunnyvale-2
VRCK Volleyball.;https://hot-odds.com/team/vrck-52376123
vrs-SSP;https://vrs-ssp.com/
vsonix;https://vsonix.com/
VTC Digicom;http://digicom.vtc.vn/?locale=en
VTC Intecom;http://intecom.vtc.vn/
VTechmmunications;http://www.vtechcms.com/
VTPTek;https://vtptek.com/
VTSnstructions;https://www.eiko.com/en/category/1136-vts-vapor-tight-surface/VTS-4-75!2fB5!2f850-DIM-U
Vullings;http://www.vullings-systemen.com/
VVIP 4th Dimension Wealth Management;https://www.4d-wealth.com/
W & R Jack;https://ru.wikipedia.org/wiki/W
W Tech;https://www.w-tech.biz/
W&J Properties & Investments;https://ru.wikipedia.org/wiki/W
w2Solution Viet Nam;http://www.w2solution.com.vn/
Wacker Ingenieure - Wind Engineering;http://www.wacker-ingenieure.com/
Wacker Neuson;https://ru.wackerneuson.com/
Waddy &;https://translate.academic.ru/waddy/en/ru/
Wagamama Italia;https://www.wagamama.com/home
Wagricom;https://www.wagricom.com/
Walden Management.;https://www.waldenu.edu/online-doctoral-programs/phd-in-management
Walk On Pizza & Drink;https://walk-ons.com/
Walker Credit Canada;https://www.bbb.org/ca/on/toronto/profile/leasing-services/walker-credit-canada-limited-0107-1167406
Walker Machine Tools;https://www.walkertoolandmachine.com/
Wall Street Financial Group Brasil;https://wallstfinancialgroup.com/
Wallop;https://www.merriam-webster.com/dictionary/wallop
Walnut Woods;https://www.mihomes.com/new-homes/ohio/central-ohio/westerville/walnut-woods
Walsh Capital Management;https://www.dandb.com/businessdirectory/walshcapitalmanagementllc-wilton-ct-19813943.html
WAM Planer und Ingenieure AG;https://www.wam-ing.ch/
Wanderlust Dog Ranch;https://wanderlustdogs.com/
Wang International PE;https://www.linkedin.com/in/wang-lianbo%EF%BC%8C%E7%8E%8B%E8%BF%9E%E6%B3%A2-asia-pe-vc-022199b
Warbler;https://en.wikipedia.org/wiki/Warbler
Ward and Uptigrove Wealth Management;https://www.wardanduptigrove.com/wealth-management
Warren Wellness;https://www.warrenwellnessmd.com/
Warwick Dubai Society;https://www.warwicksu.com/societies-sports/societies/warwickdubaisoc/
Wash Rite Pukekohe- Franklin;https://www.washrite.co.nz/
Washington international shipping;https://www.internationalshipping.com/washington/International_Shipping_Rates_from_Washington.html
Wasson Engineering;https://www.linkedin.com/company/wasson-engineering
Watan First Financial Services Institute;https://www.watanfirst.com/en/
water  strider;https://www.nwf.org/Educational-Resources/Wildlife-Guide/Invertebrates/Water-Striders
Water Wise Water Trucks Australia;https://www.waterwisetruckparts.com/
Watkins Rep;http://everydaynecessities.com/find-associate.htm
Watson-Marlow Fluid Technology Group;https://www.wmftg.com/en/
Waukee Wellness & Chiropractic;https://waukeewellness.com/
Wave Electrical Solutions;http://waveelectric.us/
Waverley Yoga;https://waverleyyoga.com/
Wavetel;https://webmail.wavetel.us/
WAVZ (formerly Post for Systems);https://www.linkedin.com/company/post-for-systems
Wayni Móvil - Préstamos Móviles;https://www.waynimovil.com/
wbarchitekten eth sia;https://wbarchitekten.ch/
WBC;https://medlineplus.gov/lab-tests/white-blood-count-wbc/
wbm;https://wbminternational.com/
wca;https://www.worldcubeassociation.org/
WCDS - Builds Division;https://www.westchestercds.org/news/2021-10-15/building-community-through-children-s-literature
WCJ Enterprises;https://www.dnb.com/business-directory/company-profiles.wcj_enterprises_llc.772a51baed51bbc358afecefdd43f8f2.html
WCS Canopy;http://www.wcscanopy.com/
WDG resources;http://wdg-resources.com.my/
We Are Not Them;https://www.te.eg/
WE MAKE SHIRTS;https://www.we-make-shirts.com/
WE-Energy;https://www.we-energies.com/
we-smarti;https://www.we-smarti.com/
Wealth and Insurance Solutions Enterprise, Canada Life;https://www.canadalife.com/about-us/news-highlights/news/canada-life-begins-journey-to-move-to-one-product-shelf.html
Wealth Management Accounting;https://www.wmateam.org/
Wealth Management Internationala;https://wealthmanagement.international/
WeArePennine;https://www.wearepennine.com/
Weavidea.;https://support.wevideo.com/hc/en-us
WEB  SOFT PRO;https://www.softprocorp.com/
Web Cloudex;https://webcloudex.com/
Webb's Networks;https://www.webbsnetworks.co.uk/
Webbonus AG;https://www.webbonusag.de/
webfact;https://acadinfo.wustl.edu/WebFAC/WebFAC.asp
Webhelp;https://webhelp.com/
Webi;https://www.tutorialspoint.com/sap_webi/sap_webi_overview.htm
WEBS SYSTEM KOREA;https://www.linkedin.com/company/webs-system-korea
Webuild;https://www.webuildgroup.com/en
WECOOK by Simple Project &;https://www.crunchbase.com/organization/wecook-3bf0
Wedding and Mobile Notary;https://weddingandmobilenotary.com/
Wedenwings Travel Agency;https://www.linkedin.com/in/richardweden
Wedgewood Investment Group;http://www.wedgewoodinc.com/
Wee Yogis;https://weeyogis.com/
weekengo;https://weekngo.ch/fr
Weevers;https://www.weverse.io/
WeFix;https://www.wefix.net/
WeFix;https://www.wefix.net/
WEG South Eastia;https://www.weg.net/institutional/MY/en/
Weights On Wheels;https://advrider.com/f/threads/no-weights-on-wheels-from-the-factory.1521595/
Weir Minerals Malaysia;https://www.global.weir/malaysia/
Welfare Avenue;https://www.welfareavenue.com/
Well Pumps;https://www.waterpumpsdirect.com/pumps/well-pumps.html
Well2Be;https://www.well2be.nl/
Wellbeing Warriors;https://www.wellbeing-warriors.com/
Welldone;https://welldonecc.com/
Wellen Capital formerly known Gibraltar Capital Advance,;https://www.merchantmaverick.com/reviews/gibraltar-capital-advance-review/
WELLfit Nutritionnsulting;https://www.zoominfo.com/c/well-and-fit-nutrition-consulting/468335380
Wellington capital Group;https://www.wellingtoncapitalgroup.com/
Wellness bymantha;https://www.ellethailand.com/nails-men-trends-spring-summer-2021/
Wellness Gaines;https://www.wellnessgaines.com/
Wellness Massage & Skincare;http://blog.starkeys.com/2010/07/what-is-wellness-massage.html
Wellness Of Joy;https://www.linkedin.com/company/wellness-of-joy
Wellness Products 365,;https://www.vitality365.org/
Wellnessmpleted/b/a Fitness Together Portsmouth;https://fitnesstogether.com/portsmouth/meet-our-trainers
WellnessPro,;https://pro.mywellness.com/
Wells CRS;https://wellscrs.com/
Wells Fargo Bank N.A. Canada Branch;https://www.advratings.com/north-america/wells-fargo-canada
Wellycan;https://www.go4worldbusiness.com/member/view/3104016/wellycan.html
WeMind/InfakCorp;https://www.linkedin.com/company/wemindmarketing
WEMO Nederland;https://www.wemomachines.com/nl/
WENN +ER agentur für kommunikation;https://www.werbeagentur.de/de/a/wenn-aber-agentur-fur-kommunikation-gmbh
WerkStaat;http://www.werkstattbrooklyn.com/
WERNER / VAZQUEZ DESIGN STUDIO;https://www.instagram.com/wernervazquezdesignstudio/
Werner Christ;https://www.wernerchrist.com/
Werner Sobek AG;https://www.wernersobek.com/
Werner Sobek Stuttgart AG;https://www.wernersobek.com/locations/stuttgart/
WERTESTRUKTUREN;https://link.springer.com/chapter/10.1007/978-3-8350-5565-0_10
wesearch. agentur für geschichte und kommunikation;https://www.wesearch-agentur.at/
Weslease of Canada;https://www.pwc.com/ca/en/services/insolvency-assignments/weslease.html
WEST CHESHIRE CREDIT UNION;https://wccu.co.uk/
West Delta Electricity Production;https://www.zawya.com/mena/en/company/West_Delta_Electricity_Production_Company-12579203/
West L.A. Psychotherapy Group;https://westsidepsychla.com/
WEST STRANDNSULTING;http://www.westrandconsulting.com/
Westast Muscle Therapy ( Naturally Fit);https://www.health.harvard.edu/alternative-and-complementary-medicine/therapeutic-massage-for-pain-relief
Westast Nutrition  Roseville;https://www.chamberofcommerce.com/united-states/california/roseville/dieticians/10128619-west-coast-nutrition
Westast Promotional Products;https://www.bbb.org/us/md/rockville/profile/statistical-service/westat-inc-0241-5000891
Westast Radiologynsultants;https://www.corporationwiki.com/Texas/Fort-Worth/westside-radiology-consultants-pa/32603525.aspx
Westate;https://www.westatewatches.com/
Westermo Datammunications;https://www.westermo.com/
Western's Marketingsociation (WMA);https://www.linkedin.com/company/wmaishere
Westernpper gold;https://www.western-paper.com/
Westland Industries for Sustainable Environment (WISE);https://opencorporates.com/companies/nz/9429048296366
WestLB AG;https://www.ecbs.org/banks/germany/westlb-ag/view-details.html
Weston Financial Advisors;https://www.ozziedelgadojr.com/
WestonExpressions;https://www.dnb.com/business-directory/company-profiles.westonexpressions_inc.e4519e2a391813abe58a91127cb33d79.html
Westpack Trading.;https://www.westpac.com.au/personal-banking/share-trading/
wetter.com;https://www.wetter.com/
Weve;https://www.weve.co/
Weymouth Chiropractic and Wellness Center;https://weymouthchiro.com/
WhaTap Labs;https://www.crunchbase.com/organization/whatap-labs
Whaters;https://www.waters.com/nextgen/us/en.html
Wheaton Group;https://www.wheatongroup.com/
WhetStone Payroll;https://www.taxassist.co.uk/accountants/whetstone/our-services/payroll/
whibread;https://en.wikipedia.org/wiki/Whitbread
Whispering Smith Germany - Brave Soul;https://www.whisperingsmith.com/
Whit's End Massage;https://www.atwhitsendmassagetherapy.com/meet-our-therapists
Whitbread;https://www.whitbread.co.uk/
White Fox Photography;https://www.whitefoxweddingphotography.com/
White Gloves;https://www.amazon.com/White-Gloves/s?k=White+Gloves
WHITE HAWK;https://animals.net/white-hawk/
White Label Chefs;https://www.therkgroup.com/companies/white-label-cuisine
Whitehouse Solutions,;https://www.linkedin.com/company/whitehouse-solutions
"whitespace;";https://qwerty.dev/whitespace/
Whole Body Massage and Yoga;https://wholebodymassageandyoga.com/
Whole Brain Health Initiative;https://www.wholebrainhealth.org/
WHOLE Family;https://wholefamilyonline.com/
Whole Health By Heather;https://www.wholehealthbyheather.com/
Whole Health Wellness;https://www.va.gov/wholehealth/
Whole Soul Wellness;http://wholesoulwellness.com/
Wholelistic Wellness Center;https://wholelisitcwellnesscenter.business.site/
WholiHealth;https://www.va.gov/wholehealth/
WHP Telecoms;https://whptelecoms.com/
wibberenz’design;https://wibberenz-design.de/
Wiechmann Tourism Service;https://www.wiechmann.de/
Wiegel Transport Equipment;https://wiegel.eu/
WIEN ENERGIE Bundesforste Biomasse Kraftwerk;https://www.wienenergie.at/ueber-uns/unternehmen/energie-klimaschutz/energieerzeugung/biomasse/
WIENFLUSS;https://anjalampert.wordpress.com/2019/04/07/wienfluss/
Wifac Holding;https://www.bloomberg.com/profile/company/3824860Z:NA
WiFi rewards;https://www.cpsenergy.com/content/corporate/en/my-home/savenow/my-thermostat-rewards.html
WiFi you go;https://www.verizon.com/articles/how-to-get-wifi-anywhere/
Wiggins Adjustments.;https://wiggins-adj.com/
WiGroup JSC;https://wigroup.vn/gioi-thieu/
Wilderness Waterfety;https://www.nps.gov/ever/planyourvisit/wilderness-trip-planner.htm
Wildfire Integrated Marketing;http://wildfire-agency.com/
wildfoxx media UG (h.b.);http://www.wildfoxxmedia.com/
Wildly Free Life;https://www.wildlyfreelife.com/
Willhite Chiropractic, PC;https://www.yellowpages.com/midland-tx/mip/dr-kevin-shawn-willhite-dc-458526349
William Huff Advertising.;https://williamhuff.com/
William M. Thomas, D.C.,;https://www.yelp.com/biz/thomas-chiropractic-and-massage-therapy-william-thomas-d-c-la-miranda-2
WILLMES Y DEL BOSQUE SL;https://www.infoempresa.com/en-in/es/company/willmes-y-del-bosque-sl
Willow Enterprises;https://www.dnb.com/business-directory/company-profiles.willow_enterprises_inc.2a9ed80522d57ea117ef7798b670ef96.html
WIND-O-BONA;https://www.windobona.at/en/
Windsor Adult Volleyball League;https://www.wavl.net/
Windsor Private Capital;https://www.windsorgp.com/
Windsor Telecom;https://apps.apple.com/us/app/windsor-phone/id1558500822
Windsoul Wellness Center;https://www.windsoulwellnesscenter.com/
Wine Auction Sylvie's / Haags Wijnhuis;https://www.sylvies.be/nl
WinLink;https://www.winlink.org/
WINNER Investimentos;https://www.structuredretailproducts.com/news/details/76453
Winnetrporation;https://byjus.com/maths/interpolation/
Winterthorn Global LP;https://opencorporates.com/companies/us_co/20111247654
Wintex Textilhandels;https://www.gmdu.net/corp-443935.html
Winzon.;http://intranet.winwholesale.com/wps/myportal/winzone
WIPs;https://www.dol.gov/agencies/eta/performance/wips
Wireless Internet Technologies;https://www.nist.gov/speech-testimony/standardization-wireless-internet-technologies
Wirtgen / Wirtgen Guinea Mining;https://www.wirtgen-group.com/en-us/news-and-media/wirtgen/2500-sm-bauxit-guinea/
Wise Earth Naturals;https://www.facebook.com/WiseEarthNaturals/
Wise Finance Solutions;https://www.wfs.eu/
Wise Hedonists;https://business.facebook.com/wisehedonists/?__xts__%5B0%5D=68.arbah8u...
WISE MONKS;https://www.wisemonk.co/
Wisepole;http://wisepole.com/
WishBeen;http://wishbeen.com/
Wisheskept mortgage group;https://business.facebook.com/wisheskeptmortgage/?__xts__%5B0%5D=68.arcku1vsf...&fref=nf
Wizard Thieves - Card Game/Kickstarter Project;https://www.kickstarter.com/projects/jrozenhart/wizard-thieves
Wizard Trading;http://home.thewizard.com/
Wizely &;https://www.wizely.us/
WJ Learning System;https://riversideinsights.com/woodcock_johnson_iv
WLD Enterprises;https://www.bloomberg.com/profile/company/0728473D:US
WM Investimentos;https://www.facebook.com/investimentosWM/
WMC;https://www.actionnews5.com/
WOBI - Das fairCamper Portal;https://www.faircamper.de/
Wolf & Devour;https://en.wikipedia.org/wiki/Wolf
Wolfgang Hochmuth Architect;https://wolfganghochmuth.com/
Wolfmmunications;https://wolf.org/wolf-info/basic-wolf-info/biology-and-behavior/communication/
Wolvertonnsulting;https://en.wikipedia.org/wiki/Wolverton
Women In Leadership Laurier;http://willaurier.weebly.com/about-us.html
Women Making A Difference;https://www.thewellproject.org/hiv-information/women-making-difference
Women of Impact;https://www.youtube.com/channel/UCeir7Wbzzfg43c1eL7PSa3g
Women of the World Club;https://www.womenofworld.org/
Women's Health Advantage;https://www.heradvantage.com/
Womintuition;https://www.facebook.com/WomIntuition/
Wonik Robotics;https://www.wonikrobotics.com/
Wonneberger Manufaktur;https://www.wojoer.de/impressum/
Wood Stephensnsultancy;https://uk.linkedin.com/in/robertdonner
Woodboom;https://woodboom.de/
Woodbury Spine and Injury Center;https://www.bbb.org/us/mn/saint-paul/profile/chiropractors-dc/woodbury-spine-and-injury-center-0704-96177724
Woodlake Chiropractic;https://bufordchiropractic.com/
Woody's House;https://www.woodyscrabhouse.com/
Woori Private Equityset Management;https://www.bloomberg.com/profile/company/1521492D:KS
Woori Private Equityset Management;https://www.bloomberg.com/profile/company/1521492D:KS
Wordslinger;https://www.shockwave.com/gamelanding/wordslinger.jsp
Work Fit Solutionsnsulting Services;https://www.workfitsolutions.net/about
WorkBetter Wellness;http://www.workbetterwellness.com/
World Green Infrastructure Network;https://worldgreeninfrastructurenetwork.org/
World Gym;http://world-gym.com/
World Gym Palm Desert;https://www.worldgym.com/palmdesert/home
World House Boutique Hotel;https://www.worldhousebh.com/
World In My Wallet;https://www.yelp.com/biz/world-in-my-wallet-tamarac
World Intellectual Property Organization WIPO;https://www.wipo.int/
World KYC;https://www.worldkyc.com/en/
World Pack, Lda;https://www.racius.com/world-pack-industria-de-embalagens-lda/
World Space;https://www.worldspaceweek.org/
World System Builder;https://worldsystembuilder.com/
WORLD VISA EXPRESSrl;https://www.wvexpress.net/
worldcom recruitment;http://www.worldcomrecruitment.com/
Worldline Baltic;http://worldline.com/en/worldline-baltics.html
Worldpay, from FIS;https://www.fisglobal.com/en/merchant-solutions-worldpay
Worldpoly;https://www.worldpoly.com/products/butt-welding-machines.aspx
Worldpoly.Ltd.;https://www.worldpoly.com/products/butt-welding-machines.aspx
Worldwide ISDN;https://inquality.com/isdn-is-dead/
Wort & Bild Verlag;https://worldoftanks.ru/
Wound Care Solutions by Vanessa,;https://wcsbyvanessa.com/
Wow 1 Day Painting -rasota;https://www.wow1day.com/
WP-Haton;https://www.wp-haton.com/
WR Moore Certified Perinatal Educator andnsulting;https://www.wrmooreconsult.com/our-goal
Wray Castle Group;https://www.wraycastle.group/
WriteIT;https://writeit.en.softonic.com/
WSK Ingenieure;https://www.wsk-duesseldorf.de/
WTS;https://www.wtsinternational.org/
WU Transfer Pricing Center;https://www.wu.ac.at/fileadmin/wu/d/i/taxlaw/institute/transfer_pricing_center/TP_Center_2020_FINAL_web.pdf
Wuhan Sino Joinsun technology & trade;https://sinojoinsun.en.made-in-china.com/
Würcher media;https://wuercher.at/
Würth Handelsges.m.b.H.;https://eshop.wuerth.at/de/DE/EUR
wuxi longstar packaging technologyltd;http://www.longstar-group.com/about.asp?id=2
WWF Österreich;https://www.wwf.at/
www.happy.rentals;https://www.happy.rentals/
X-Polesitions;https://x-polesitions.blogspot.com/
x-screen Media Network;https://3xscreen.com/
X2 Fitness;http://x2fitnessmpls.com/
X4Chain,;http://www.x4chain.com/
XAGA;https://www.xagasushi.com/
Xamined;https://www.merriam-webster.com/thesaurus/examined
Xanadu Operations Indonesia;https://www.xanadumines.com/site/about/management
Xango;https://www.xangoanalytics.com/
XanGo;https://ru.wikipedia.org/wiki/XanGo
xango;https://www.xangoanalytics.com/
XanGo,;https://mangosteenwonder.com/xango-juice/
Xavis.;http://www.xavisxray.com/
Xchange Technology;https://www.xtgglobal.com/
Xchanger;https://xchanger.healthems.com/
Xchanging Malaysia;https://www.linkedin.com/company/xchanging-malaysia-sdn-bhd
Xchanging Malaysia;https://www.linkedin.com/company/xchanging-malaysia-sdn-bhd
XELIBRI;https://en.wikipedia.org/wiki/Xelibri
XENI;https://twitter.com/xeni
Xferansumer Finance ( Grupo Cetelem España);https://www.xferacf.com/xferacfdocs/sobre-entidad/index.html
XGEN Technologies;https://www.xgentech.com/
xiamen dazhengli industry;https://www.dnb.com/business-directory/company-profiles.xiamen_dazhengli_industry__trade_co_ltd.bb70e731a61c1d0f9ac3b482daf00381.html
Xiamen Richer Plastic;https://richerpack.com/
XIAMEN UPC IMP &EXP;https://upcglass.en.alibaba.com/
Xingu Advertising;https://xingu-ad.com/
Xinxiang Fineray Tech;https://www.fineraytech.com/products.html
XKRUG;https://www.xkrug.com/
XLII;https://roman-numerals.info/XLII
XMT Technologies;https://www.xmt.com.my/
Xocolat Manufaktur;https://xocolat.at/en/pages/xocolat-manufaktur
xplosion interactive;https://www.crunchbase.com/organization/xplosion-interactive-gmbh
Xtel Technology Solutions;https://xteltecgroup.com/
xxd;https://www.tutorialspoint.com/unix_commands/xxd.htm
Yafitco;https://opencorporates.com/companies/gb/05089914
Yahava Koffeeworks Wholesale (WA);https://www.whitepages.com.au/yahava-koffeeworks-wholesale-wa-pty-ltd-12106328/vasse-wa-12106329B
Yaklass;https://www.yaklass.ru/
Yamazaki Mazak Nederland;https://www.mazakeu.com/technology-centres/other-technology-centres/netherlands/
Yang's Fitness & Yang's Martial Arts Center;https://yangsfitnesscenter.com/
YANMAR Capital (Thailand);https://www.yanmarcapital.co.th/
YANMAR Capital (Thailand);https://www.yanmarcapital.co.th/
Yanmar Capital Thailand;https://www.yanmarcapital.co.th/
Yappl;https://www.yappl.com/
Yarrow;https://en.wikipedia.org/wiki/Achillea_millefolium
YEGTweetup;https://twitter.com/YEGTweetup
Yellomobile YelloO2O goodoc;https://x.facebook.com/yellomobile/?ref=page_internal&mt_nav=0
yellow too;https://www.healthgrades.com/right-care/digestive-health/yellow-stool
YESCO Calgary Sign and Lighting Service;https://www.yesco.com/calgary/
YESCO Sign and Lighting Maintenance;https://www.yesco.com/easttennessee/
Yess! Events &entives;https://yess.org/events/
Yihan packaging;https://www.jgboxes.com/
YisWeb;http://yisweb.com/
YlaEstlm App;https://iphone.apkpure.com/ylaestlm-%D9%8A%D9%84%D8%A7-%D8%A7%D8%B3%D8%AA%D9%84%D9%85/com.ylaestlm.takeout
ymax;https://www.ymaxwireless.com/
YMCA of Marquetteunty;https://www.marquette.edu/commencement/
Yo Telecom;https://www.crunchbase.com/organization/yotelecom
Yoga 108 200 Hour mind, body & spirit;https://yoga108.training/
Yoga Center Amherst;https://www.shraddhayoga.org/
Yoga for Families of Addiction,;https://esme.com/resources/addiction/yoga-for-families-of-addiction
YOGA Garden;https://www.loveyogagarden.com/
Yoga of the Valley;https://www.yogaofthevalley.com/
Yoga Reach International;https://www.facebook.com/Yoga-Reach-International-375838062429472/
Yoga State;http://www.yogastate.net/
Yogablahblah,;https://www.yogablahblah.com/
Yogitoes,;https://www.amazon.com/yogitoes/s?k=yogitoes
YoloStudio;https://yolostudio.io/
Yongan International Financial (Singapore);https://yonganinternational.com/
York Mortgage;https://yorkmoneyman.com/
Yorkshire Bank.;https://secure.ybonline.co.uk/
Youlyy Industrial.;http://en.youlyy.com/
youmeokay;https://www.youmeokay.com/
YOUNG HUSTLERS MUSIC;https://music.apple.com/us/artist/young-hustlers/1224864725
Youniverse World;https://www.youniverse.global/
YOUR FIT CLUB;https://www.facebook.com/YourFitClubWL
Your Office & PA;https://www.youroffice.com/
Your Serenity Massage;https://business.facebook.com/buddhachik1846/?__xts__%5B0%5D=68.ardwqrwkhyjio...
yourclicksolution.com;https://www.clickfix.cf/
Youthful Captures;https://www.trendhunter.com/slideshow/youthful-captures
YPG,;https://www.ypgrojava.org/english
YR;https://www.yr.no/en
YSmpany;https://play.google.com/store/apps/details?id=ch.sympany.clientportal&hl=en_US&gl=US
Yuanta Investment Korea;http://www.yuantakorea.com/eng_new/main/index.jsp
YUM audio;https://www.yum-audio.com/
YWMobile;https://ywmobile.com/
Z. Z. Primula Veris;https://www.hooksgreenherbs.com/primula-veris-cowslip-buy-herb-plant-online/
Zack Jones Photography;https://www.zackjonesphoto.com/
Zahnheld;https://zahnheld.de/
Zahnsociates,;https://www.kenzahn.com/
ZAHORANSKY do Brasil;https://www.brushexpert.com/news/news/archived/article/zahoransky-brasil
zandfoortvaan de eem;https://zandfoort.nl/
Zanger Enterprises.;https://www.dnb.com/business-directory/company-profiles.zanger_enterprises_inc.3ca7cdb9938b3792f643e7ae2ed6dd0c.html
Zank Payments;https://zankpayments.com/
Zanottilvato GbR;https://in.linkedin.com/company/gbr-nutrition-ltd
ZAP Malaysia;https://www.zapasia.net/
Zap Wellness;https://zapwellness.com/
ZAPrint;https://www.linkedin.com/company/zaprint
Zaps Holdings. a/o Tim Hortons;https://ca.linkedin.com/in/butch-juson-6aa33268
ZAZ PERU;https://zazperu.com/
Zebu Investimentos;https://zebuinvestimentos.com.br/
Zegonammunications;https://twitter.com/zegona_comms
Zeha Berlin Schuh Design&Co.KG;https://www.zeha-berlin.de/
Zeichen & Wunder;https://dictionary.cambridge.org/dictionary/german-english/zeichen_1
Zeitwerk Design;https://zeitwerk-design.de/
Zelfstandig / Eigenaar;https://www.linkedin.com/in/cor-becker-640057224
Zelfstandige;https://en.bab.la/dictionary/dutch-english/zelfstandige
ZEMTU – PROFESSIONAL CARSHARING SOFTWARE;https://www.zemtu.com/
Zenith Fitness Managment;https://zenith-fitness-bd.business.site/
Zenith Venture Capital;https://www.zenithgroup.se/
Zenmerch;https://zenmerch.net/
ZENmputer Systems;https://www.zen.com.my/
Zensho South Eastia Holdings;https://www.dlapiper.com/en/japan/news/2018/11/dla-piper-advises-zensho-holdings/
ZeroGravitech;https://www.zer0gravitech.com/
ZEROWEB;https://www.tradezero.co/zeroweb
Zes-Marketing;https://www.facebook.com/zesmarketing/
Zeta Crezen.;http://www.icrebo.com/
Zeutschel;https://www.zeutschel.de/en/
Zewail City Friends sohag team;https://eg.linkedin.com/in/osama-elkhawaga-0b3b66115
ZF Steyr Präzisionstechnik;https://tic-steyr.at/smartinnovation-steyr/partner/zf-steyr-pr%C3%A4zisionstechnik-gmbh
Zhauns Group;https://zhauns.co.za/
Zhejiang CFMOTO Power.;https://global.cfmoto.com/ContantUs.html
Zhengsheng Packing Material( Zhongshan City)Co.,.;https://zstape9988.en.ec21.com/
zhongshan intelligent packaging machinery;https://toupackzs.en.made-in-china.com/
Zhuhai Kali development;https://kailizh.en.alibaba.com/
Zija;https://moringaproducts.shop/
Zija;https://moringaproducts.shop/
Zijtveld Grijpers;https://www.zijtveld-grijpers.nl/
Zilla Capital For Investment;https://www.zillacapital.com/
Zimly;https://www.amazon.com/Zimly-Ultimate-Home-Media-Cloud/dp/B00INIGSHK
Zinnotech;https://www.linkedin.com/company/zinnotech
zinosign Bulgaria;https://www.facebook.com/zinosign/
zizzi restaurants;https://www.zizzi.com/menus
Zizzi Restaurants;https://www.zizzi.co.uk/
Zizzi Restaurants;https://www.zizzi.com/menus
Zizzi Restaurants;https://www.zizzi.com/menus
ZKW Lichtsysteme;https://zkw-group.com/
ZMP Vietnam.;https://zmp.vn/home/
ZOCnsultants;https://ttoday.net/zwconsultants.net
Zoe Life Spa andlon;https://zoelifespasalon.com/
Zoé Marketing;https://thezoeteam.com/
ZONE29 architekten;http://www.zone-architekten.com/
Zone5 Fitness;https://apps.apple.com/us/app/zone5-fitness/id1282126780
Zoodio;https://www.zudio.com/
Zoom Vantage;https://govantage.zoom.us/meeting
ZoomerMedia;https://zoomermedia.ca/
Zoomnsulting.;https://technicallysimple.com/zoom
zrii of campbell;https://link.springer.com/chapter/10.1007/978-3-642-55560-2_27
ZTE;https://myzte.ru/
ZTI Smart Machines;https://www.zti.nl/
Zuerich Marriott Hotel;https://www.marriott.com/hotels/travel/zrhdt-zurich-marriott-hotel/
Zufolo;https://zufolodesigns.com/
Zum Wohl;https://www.wordhippo.com/what-is/the-meaning-of/german-word-zum_wohl.html
Zumba with Jess;https://www.facebook.com/ZumbawithJess23/posts
Zumy Entertainment;https://the-gadgeteer.com/2021/10/02/zumy-portable-video-light-review/
ZUNGLE;https://www.zungleinc.com/
Zürich Versicherungs-Aktiengesellschaft;https://www.zurich.de/de-de
Zzzen Yoga;https://www.zzzenyogagr.com/
الهجيري للكرتون والتجارة;https://business.facebook.com/ahmedhegary/?__xts__%5B0%5D=68..&fref=nf
جديد النظم;https://jdeed.info/
ٍسما للتدريب والاستشارات وتكنولوجيا المعلومات;https://www.facebook.com/samaitc/
다이닝코드;https://www.diningcode.com/
두나무;https://dunamu.com/views/01_main_ko.html
레벨13 (level13);https://www.linkedin.com/company/level13hr
미스꼬레아 (Missrea);https://ko-kr.facebook.com/missgamasot/videos/%EC%96%91%ED%8F%89%EC%A7%91%EC%97%90%EC%84%9C-%EC%8B%9C%EC%9B%90%ED%95%9C-%EC%A3%BC%EB%A7%90%EC%9D%84-%EB%B3%B4%EB%82%B4%EA%B3%A0%EB%8B%A4%EC%8B%9C-%EC%83%88%EB%A1%9C%EC%9A%B4-%ED%95%9C%EC%A3%BC%EB%A5%BC-%EC%A4%80%EB%B9%84%ED%95%A9%EB%8B%88%EB%8B%A4%EB%AF%B8%EC%8A%A4%EA%BC%AC%EB%A0%88%EC%95%84-%EB%AF%B8%EC%8A%A4%EA%BC%AC%EB%A0%88%EC%95%84%EA%B9%80%EC%B9%98%EB%B3%B6%EC%9D%8C%EB%B0%A5-%EB%AF%B8%EC%8A%A4%EA%BC%AC%EB%A0%88%EC%95%84%EB%B6%80%EC%82%AC%EC%9E%A5%EC%9D%98%ED%99%88%EC%BA%89%EC%8A%A4/966664093777202/
뱅크웨어글로벌;https://bankwareglobal.com/
비주얼 (bejewel);https://kr.linkedin.com/company/bejewelinc
빅픽처인터렉티브(주);https://www.bigpi.co/
삼성전자(Samsung Electronics.);https://www.samsung.com/sec/
서울히어로즈;https://namu.wiki/w/%EC%84%9C%EC%9A%B8%20%ED%9E%88%EC%96%B4%EB%A1%9C%EC%A6%88
쉐어픽 Share pick;https://www.codegrepper.com/code-examples/shell/git+share+pick
신비한연구소(Arcane Labs);https://www.facebook.com/pages/category/Hobby-Store/The-Arcane-Lab-180824155271166/
아데나소프트웨어;https://www.adenasoft.com/?language=ko_KR
에듀브로(주);http://www.edupro.kr/
예도 시스템, Yedo System;http://www.yedosystem.co.kr/
오렌지라이프(구 ING생명);https://www.shinhanlife.co.kr/
인코어드 테크놀로지스;http://encoredtech.com/
인큐텍 주식회사;https://incutek.net/
젤라또랩;https://www.jobkorea.co.kr/Recruit/Co_Read/C/gelatolab/Company_name/%E3%88%9C%EC%A0%A4%EB%9D%BC%EB%98%90%EB%9E%A9
주식회사 Finnq;https://www.finnq.com/
주식회사 앙클;https://ancle.kr/
카카오커머스;https://www.kakaocommerce.com/
트윔;https://keepstorage.tistory.com/64
티쿤글로벌;https://www.tqoon.kr/
파우컴퍼니;https://www.pawcompany.co.kr/
페이업;http://www.payup.co.kr/
프리랜서;https://namu.wiki/w/%ED%94%84%EB%A6%AC%EB%9E%9C%EC%84%9C
하우스미디어;http://www.housemedia.co.kr/
한컴mds;http://www.hancommds.com/
ナパソリューションズ株式会社;https://napa-solutions.com/
三菱UFJ銀行;https://www.bk.mufg.jp/
东莞天视美制罐有限公司Dongguan Tinsmaker;http://www.tinsmaker.com/
株式会社Advance;https://advance-link.co.jp/
株式会社エー・ピーホールディングス;https://ap-holdings.jp/
株式会社クリスプホールディングス;https://www.wantedly.com/companies/crisphd
深圳伟达包装制品有限公司;http://www.shenzhencwd.com/
珠海市横琴诚誉文化创意有限公司;https://www.tianyancha.com/company/2324784450
苏州建技包装设备有限公司（JAGPACK）;https://www.jagpack.com/
